{
  "parent": "builtin/generated",
  "textures": {
    "layer0": "items/totem"
  },
  "gui_light": "front",
  "display": {
    "ground": {
      "rotation": [
        0,
        0,
        0
      ],
      "translation": [
        0,
        2,
        0
      ],
      "scale": [
        0.8,
        0.8,
        0.8
      ]
    },
    "head": {
      "rotation": [
        0,
        180,
        0
      ],
      "translation": [
        0,
        13,
        7
      ],
      "scale": [
        1,
        1,
        1
      ]
    },
    "thirdperson_righthand": {
      "rotation": [
        0,
        0,
        0
      ],
      "translation": [
        0,
        2.20,
        1
      ],
      "scale": [
        0.70,
        0.70,
        0.70
      ]
    },
    "firstperson_righthand": {
      "rotation": [
        0,
        -80,
        25
      ],
      "translation": [
        1.13,
        2,
        1.13
      ],
      "scale": [
        0.8,
        0.8,
        0.8
      ]
    },
    "fixed": {
      "rotation": [
        0,
        180,
        0
      ],
      "scale": [
        1,
        1,
        1
      ]
    },
    "gui": {
      "rotation": [
        0,
        0,
        0
      ],
      "translation": [
        0,
        -1,
        0
      ],
      "scale": [
        1.50,
        1.50,
        0.50
      ]
    }
  }
}